Email,Clinic Name,City,First Name,Phone,Website,Category,Status
careers@mya.co.uk,"MYA Clinical Hub Manchester",Alderley Edge,Clinical,+44 333 014 1014,https://www.mya.co.uk/clinical-hubs-hospitals/manchester,Plastic surgery clinic,pending
pa@gormanplasticsurgery.com,"Gorman Plastic Surgery | Manchester",Altrincham,Gorman,+44 161 399 0799,https://www.gormanplasticsurgery.com/,Plastic surgeon,pending
mark@tm-media.co.uk,"Dr Ed Robinson Aesthetics",Altrincham,Ed,+44 161 399 0631,https://www.dredrobinson.co.uk/,Skin care clinic,pending
clinic@slsmedicalaesthetics.co.uk,"SLS Medical Aesthetics",Ayr,Aesthetics,+44 7534 344882,https://slsmedicalaesthetics.co.uk/,Beautician,pending
bath.ent@nhs.net,"Bath ENT Specialists LLP",Bath,Bath,+44 1761 422262,http://www.bathent.co.uk/,Consultant,pending
pat@sisuclinic.com,"Sisu Clinic - Belfast | Doctor-led, Aesthetic Medicine & Treatments",Belfast,Sisu,+44 28 9575 7974,http://www.sisuclinic.com/,Medical spa,pending
marketing@theprivateclinic.co.uk,"The Private Clinic Birmingham, Liposuction, Varicose Vein, Breast surgery",Birmingham,Private,+44 121 314 8866,https://www.theprivateclinic.co.uk/our-clinics/birmingham/,Plastic surgery clinic,pending
carly@hiroshinishikawa.co.uk,"Hiroshi Nishikawa",Birmingham,Hiroshi,+44 121 456 8149,http://www.hiroshinishikawa.co.uk/,Plastic surgeon,pending
michal@zclinic.uk,"Aesthetic Ace Clinic",Birmingham,Ace,+44 7380 282512,http://www.aestheticace.com/,Medical spa,pending
ru@arubiaaesthetics.co.uk,"Arubia Aesthetics & Skin Clinic",Bridge of Weir,Arubia,+44 7703 483020,http://www.arubiaaesthetics.co.uk/,Medical spa,pending
pr@drdandhunna.com,"Dr Dan Dhunna Cosmetic Doctor",Bridgnorth,Dan,+44 20 8168 0268,http://www.drdandhunna.com/,Plastic surgeon,pending
careers@laserclinics.ca,"Laser Clinics UK - Bristol",Bristol,Laser,+44 117 325 2830,https://www.laserclinics.co.uk/skin-care-clinics/bristol/?utm_content=Laser+Clinics+UK+-+Bristol+-+Bristol%2C+England&utm_campaign=Google+My+Business&utm_medium=organic&utm_source=google&utm_term=plcid_15446047912235895011,Laser hair removal service,pending
secretary@sherifwilson.com,"Mr Sherif Wilson MB, ChB, MS, FRCS (Plast)",Bristol,Mr,+44 117 980 4092,https://www.sherifwilsonplasticsurgeon.co.uk/?utm_source=google&utm_medium=organic&utm_campaign=gmbbristol,Plastic surgeon,pending
bristolhosphelpline@spirehealthcare.com,"Spire Bristol Hospital",Bristol,Spire,+44 117 980 4000,https://www.spirehealthcare.com/spire-bristol-hospital/?utm_source=google&utm_medium=organic&utm_campaign=Hospital_GMB,Private hospital,pending
redemptions@skinspaceuk.com,"SKINSPACEUK Bristol",Bristol,Bristol,+44 117 427 0564,https://www.skinspaceuk.com/,Laser hair removal service,pending
hrservices@uhbw.nhs.uk,"Bristol Eye Hospital",Bristol,Bristol,+44 117 342 6888,http://www.uhbristol.nhs.uk/patients-and-visitors/your-hospitals/bristol-eye-hospital/,Eye care center,pending
kamila@dermaclinicbristol.co.uk,"DermaClinic",Bristol,there,+44 7427 650357,https://www.dermaclinicbristol.co.uk/,Skin care clinic,pending
julie@jbcosmetic.co.uk,"JBCosmetic",Bristol,there,+44 7866 515664,https://jbcosmetic.co.uk/,Skin care clinic,pending
cosmetics@bycsurgery.co.uk,"Cosmetic Surgeon Birmingham | Sheikh Ahmad",Bromsgrove,Surgeon,+44 1872 248325,https://sheikhahmadcosmeticsurgeon.com/locations/birmingham,Plastic surgeon,pending
beautydoctorcardiff@gmail.com,"Reforme Medical Cosmetic Surgery & Non-Surgical Aesthetics",Cardiff,Reforme,+44 7368 142277,https://www.reformemedical.co.uk/,Plastic surgeon,pending
kirby@skinlifeclinic.co.uk,"Skin Life Clinic",Cardiff,Skin,+44 7866 843375,https://skinlifeclinic.co.uk/?utm_source=google&utm_medium=wix_google_business_profile&utm_campaign=3104947279412235808,Skin care clinic,pending
kl@klclinics.co.uk,"Karen Lockett Clinics",Cardiff,Karen,+44 800 019 3355,http://www.klclinics.co.uk/,Skin care clinic,pending
careers@laserclinics.co.uk,"Laser Clinics UK - Cardiff",Cardiff,Laser,+44 29 2009 0510,https://www.laserclinics.co.uk/skin-care-clinics/cardiff/?utm_content=Laser%20Clinics%20UK%20-%20Cardiff%20-%20Cardiff&utm_campaign=Google%20My%20Business&utm_medium=organic&utm_source=google&utm_term=plcid_14488444452065795915,Laser hair removal service,pending
e.deignan@sky.com,"Cosmedicare Skin Clinic",Cardiff,Cosmedicare,+44 29 2061 8995,http://www.cosmedicareskinclinic.co.uk/,Skin care clinic,pending
secretary@adamthwaite.co.uk,"Mr Jonathan Adamthwaite",Chester,Mr,+44 800 002 9554,http://www.adamthwaite.co.uk/,Plastic surgeon,pending
dr.mohajernezhad@lhcsc.co.uk,"London Hair and Cosmetic Surgical Centre",Edgware,London,+44 20 3269 0088,http://www.lhcsc.co.uk/,Cosmetic surgeon,pending
customer.relations@nuffieldhealth.com,"Nuffield Health Edinburgh Hospital",Edinburgh,Nuffield,+44 131 447 2340,https://www.nuffieldhealth.com/hospitals/edinburgh?utm_source=google&utm_medium=local&utm_campaign=GoogleLocal-Edinburgh-Hospital,Private hospital,pending
edinburgh@stockbridgeclinic.com,"The Stockbridge Clinic",Edinburgh,Stockbridge,+44 131 605 6701,http://www.stockbridgeclinic.com/,Cosmetics industry,pending
bearsden@theaestheticsclub.co.uk,"The Aesthetics Club",Glasgow,Aesthetics,+44 141 737 3223,http://www.theaestheticsclub.co.uk/,Skin care clinic,pending
filler@godaddy.com,"Bridge Street Skin Clinic",Hungerford,Bridge,+44 1488 646287,http://www.bridgestreetskinclinic.co.uk/,Medical spa,pending
diane@adelaesthetics.co.uk,"Adel Aesthetics",Leeds,Adel,+44 7711 666744,https://www.adelaesthetics.co.uk/,Skin care clinic,pending
bristol@estemedicalgroup.uk,"Este Medical Group Hair & Skin Clinic Leeds",Leeds,Este,+44 113 450 8000,https://www.estemedicalgroup.uk/clinics/leeds,Skin care clinic,pending
training@beyouaestheticsleeds.co.uk,"Be You Aesthetics",Leeds,Be,+44 113 450 1646,http://www.beyouaestheticsleeds.co.uk/,Skin care clinic,pending
pa@amicaaesthetics.co.uk,"Amica Aesthetics",Leeds,Amica,+44 113 824 5258,http://www.amicaaesthetics.co.uk/,Medical clinic,pending
toobasharaf@aol.com,"Lam Aesthetics Clinic Leeds",Leeds,Lam,+44 7974 230704,https://lamaesthetic.co.uk/,Skin care clinic,pending
patientcare@aesthetichealth.co.uk,"Aesthetic Health",Leeds,Health,+44 113 269 7274,https://aesthetichealth.co.uk/,Skin care clinic,pending
webmaster@arnicaclinicaesthetics.com,"Arnica Aesthetics Clinic",Leeds,Arnica,+44 7944 914422,https://www.arnicaclinicaesthetics.com/,Skin care clinic,pending
michelle@alwoodleyaesthetics.co.uk,"Alwoodley Aesthetics",Leeds,Alwoodley,+44 7751 756283,https://www.alwoodleyaesthetics.co.uk/,Skin care clinic,pending
skin@leeds-clinic.co.uk,"The Leeds Clinic & The Leeds Skin Clinic",Leeds,Leeds,+44 113 240 1234,https://www.leeds-clinic.co.uk/?utm_source=organic&utm_medium=google+business+profile,Medical Center,pending
drsandy@c2aesthetics.co.uk,"C2 Aesthetics | Dr Sandy | Skin Care Clinic",Leeds,Sandy,+44 113 388 6399,https://c2aesthetics.co.uk/,Skin care clinic,pending
jobs@fresha.com,"Love N Aesthetics",Leeds,Love,,https://www.fresha.com/a/love-n-aesthetics-leeds-uk-sussex-gardens-etmfff0p?pId=868113,Skin care clinic,pending
charlie@defineyoultd.com,"Define You Ltd",Leeds,Define,+44 7854 920100,http://defineyoultd.com/?utm_source=gmb&utm_medium=referral,Skin care clinic,pending
katy@katybodysculpt.co.uk,"Katy Body Sculpt Clinic",Leicester,Katy,+44 116 479 3253,http://katybodysculpt.co.uk/,Medical clinic,pending
nattb84@hotmail.co.uk,"Dr Natalie Ball",Liverpool,Natalie,+44 151 374 0007,https://www.drnatalieball.co.uk/?fbclid=PAAaZeIouPzsfHa-dR6ocLB-UGG7oWolEXLHYK5ksHOwiP9l33_eafqijb8c0_aem_Aca1V2Uj2eGL7qShYANY2JW1tJDGUz_g2m__h7kYDmtUxp7I4GNASLVym5a5VSlxsnw,Cosmetic dentist,pending
manager@cosmeticsurgeryoftheroyalliverbuilding.co.uk,"Cosmetic Surgery of The Royal Liver Building",Liverpool,Royal,+44 151 203 0020,http://www.cosmeticsurgeryoftheroyalliverbuilding.co.uk/,Cosmetic surgeon,pending
treatment@pinewoodsclinic.com,"The Pinewoods Clinic",Liverpool,Pinewoods,+44 151 380 0055,http://www.pinewoodsclinic.com/,Skin care clinic,pending
consultations@freshfaces.co.uk,"Fresh Faces by Helen Blanchard",Liverpool,Fresh,+44 7715 562435,http://freshfaces.co.uk/?utm_source=yell&utm_medium=referral&utm_campaign=yell,Plastic surgeon,pending
press@cultskin.com,"CULTSKIN®️ Clinic by ESHO MD",Liverpool,there,+44 20 3970 4693,https://cultskin.com/,Skin care clinic,pending
cadogan@cadoganclinic.com,"Cadogan Clinic",London,Cadogan,+44 20 7901 8500,https://www.cadoganclinic.com/?utm_source=google&utm_medium=gbp&utm_campaign=GoogleBusinessProfile,Plastic surgery clinic,pending
clinic@becosmetic.com,"Be Cosmetic Gynaecomastia Clinics London",London,Be,+44 800 776 5796,http://www.becosmetic.com/,Medical clinic,pending
sec@lpsc.london,"London Plastic Surgery Centre",London,London,+44 20 3576 3276,http://www.londonplasticsurgerycentre.com/,Plastic surgeon,pending
juan@secret-source.eu,"Paul Harris",London,Paul,+44 20 7927 6520,http://www.paulharrisplasticsurgeon.co.uk/,Plastic surgeon,pending
psg@thepsg.co.uk,"The Plastic Surgery Group",London,Group,+44 20 3733 2069,http://www.theplasticsurgerygroup.co.uk/,Plastic surgeon,pending
care@rajanuppal.com,"Uppal Plastic Surgery",London,Uppal,+44 1753 258015,https://www.uppalplasticsurgery.com/,Plastic surgery clinic,pending
london@beyondmedispa.com,"Beyond Aesthetic Clinic by Beyond MediSpa",London,Beyond,+44 20 7201 8595,https://www.beyondmedispa.com/,Medical clinic,pending
sheila@mrdavidfloyd.co.uk,"David Floyd Plastic Surgery",London,David,+44 20 7927 6525,http://www.mrdavidfloyd.co.uk/,Plastic surgeon,pending
aesthetics@mallucci-london.com,"Mallucci South Kensington",London,Mallucci,+44 20 3915 7400,https://www.mallucci-london.com/,Plastic surgery clinic,pending
wimbledon@everybodyclinics.co.uk,"EVERYBODY CLINICS WIMBLEDON l Fat Freezing & HIFU Skin Tightening Clinic",London,Fat,+44 7506 340026,https://everybodyclinics.co.uk/,Beauty salon,pending
clinic@londonwelbeckhospital.co.uk,"The London Welbeck Hospital",London,London,+44 20 7224 2242,https://www.londonwelbeckhospital.co.uk/,Cosmetic surgeon,pending
secretaries@londonplasticsurgeons.co.uk,"Dr Mark Gittos - London Plastic Surgeons",London,Mark,+44 7557 858156,http://londonplasticsurgeons.co.uk/,Plastic surgery clinic,pending
pam@manchesterplasticsurgery.com,"Manchester Plastic Surgery",Manchester,Manchester,+44 161 523 8261,https://www.manchesterplasticsurgery.com/,Plastic surgery clinic,pending
website@deemeshoudit.com,"Mr Deemesh Oudit | Plastic & Cosmetic Surgeon",Manchester,Mr,+44 161 989 1234,http://deemeshoudit.com/,Plastic surgeon,pending
charlotte@adamgoodwinsurgery.com,"Adam Goodwin Surgery",Manchester,Adam,+44 161 718 5544,http://www.adamgoodwinsurgery.com/,Plastic surgery clinic,pending
london@theacademyclinic.co.uk,"The Academy Clinic Manchester (Formerly SkinViva Clinic)",Manchester,Academy,+44 161 865 1141,https://theacademyclinic.co.uk/,Skin care clinic,pending
me@britishfaceclinic.com,"British Face Clinic - Deep Plane Facelift & Rhinoplasty Milton Keynes",Milton Keynes,British,+44 7590 817036,https://britishfaceclinic.com/miltons-keynes/,Plastic surgery clinic,pending
bodysculptuk@icloud.com,"Body Sculpt-UK",Milton Keynes,Body,+44 7377 799295,http://www.bodysculpt-uk.com/,Beauty salon,pending
penny@xilium.co.uk,"Rob Milligan - Breast Surgeon In Jesmond, Newcastle Upon Tyne",Newcastle upon Tyne,Rob,+44 191 281 6131,http://www.robmilligan.co.uk/,Cosmetic surgeon,pending
operations@myaestheticslounge.co.uk,"My Aesthetic Lounge",Newcastle upon Tyne,My,+44 7450 355605,https://www.myaestheticslounge.co.uk/,Skin care clinic,pending
careers@stjosephshospital.co.uk,"St Joseph's Hospital",Newport,St,+44 1633 820300,https://www.stjosephshospital.co.uk/?src=gmaps,Private hospital,pending
alexis@houseofskincare.co.uk,"HOUSE OF SKINCARE Ltd",Newton Abbot,Ltd,+44 1626 210527,http://www.houseofskincare.co.uk/,Skin care clinic,pending
doctorholdstock@yahoo.co.uk,"Dr Susan Holdstock",Nottingham,Susan,+44 115 950 3366,http://doctorsue.co.uk/,Plastic surgeon,pending
aforaesthetcs@outlook.com,"A for Aesthetics",Nottingham,Aesthetics,+44 7833 287133,http://www.a-foraesthetics.co.uk/,Cosmetics industry,pending
andreabrearley@me.com,"Dr Andrea Brearley Facial Aesthetics",Nottingham,Andrea,+44 115 772 2718,http://ab-facialaesthetics.co.uk/,Medical spa,pending
complaints@deepaesthetics.co.uk,"Deep Aesthetics - Nottingham",Nottingham,Deep,+44 115 772 2122,https://www.deepaesthetics.co.uk/,Skin care clinic,pending
getintouch@at1aesthetics.co.uk,"at1.AESTHETICS FACE, BODY AND SKIN CLINIC NOTTINGHAM",Nottingham,there,+44 7743 624480,https://www.at1aesthetics.co.uk/,Skin care clinic,pending
valerie@stephenmcculley.co.uk,"Stephen McCulley - Consultant Plastic Surgeon",Nottingham,Stephen,+44 115 962 4535,http://www.stephenmcculley.co.uk/,Plastic surgeon,pending
drclaudiapetillonpa@btinternet.com,"Dr CP Aesthetics",Nottingham,Dr,+44 115 772 2363,http://drcp-aesthetics.com/,Skin care clinic,pending
nottingham@cosmeticdoctoruk.com,"Dr. Gabriela Aguilar Medical Aesthetics Ltd",Nottingham,Gabriela,+44 115 958 9676,http://www.cosmeticdoctoruk.com/,Doctor,pending
pa@nakulpatel.com,"Nakul Patel - Plastic Surgeon",Nottingham,Nakul,+44 7846 717919,http://www.nakulpatel.com/,Plastic surgeon,pending
bodycontourclinic@hotmail.com,"Body Contour Clinic",Omagh,Body,+44 7850 856373,http://bodycontourclinicomagh.co.uk/,Weight loss service,pending
salinaayub@live.co.uk,"Aesthetics By Selina",Rochdale,Aesthetics,+44 7429 950987,https://aestheticsbyselina.co.uk/,Skin care clinic,pending
cosmeticclinic@mail.com,"Cosmetic Clinic",Sheffield,there,+44 114 269 3039,http://www.cosmeticclinic.org.uk/,Skin care clinic,pending
prices.thornbury@circlehealthgroup.co.uk,"Andrew Morritt - Plastic Surgeon",Sheffield,Andrew,+44 114 267 4658,https://www.andrewmorritt.co.uk/,Plastic surgeon,pending
jpoconnell@doctors.org.uk,"The Sheffield Clinic Ltd",Sheffield,Sheffield,+44 345 508 1448,https://www.thesheffieldclinic.co.uk/,Medical clinic,pending
haneen@drhaneenaesthetics.co.uk,"Dr Haneen Aesthetics",Sheffield,Haneen,,https://www.drhaneenaesthetics.co.uk/,Skin care clinic,pending
scratch-aesthetique@hotmail.com,"Scratch Aesthetique",Sheffield,Scratch,+44 7932 079319,http://www.scratchaesthetique.co.uk/,Skin care clinic,pending
hi@heydayaesthetics.co.uk,"Heyday Aesthetics",Sheffield,Heyday,+44 7356 159101,https://www.heydayaesthetics.co.uk/,Medical spa,pending
his.ihcregulation@nhs.scot,"Victoria’s Aesthetics",Stirling,Aesthetics,+44 7476 570023,http://www.victoriamcdonaldaesthetics.com/,Medical spa,pending
monika@facialbodysculpting.co.uk,"Facial & Body Sculpting Clinics",Sunbury-on-Thames,Facial,+44 7990 088137,https://www.facialbodysculpting.co.uk/,Skin care clinic,pending
sales@contourcouture.co.uk,"Contour Couture Ltd",Swindon,Contour,+44 7700 140727,https://www.contourcouture.co.uk/,Beauty salon,pending
donna@weymouthaestheticsclinic.com,"Weymouth Aesthetics Clinic",Weymouth,Weymouth,+44 7966 552473,https://www.weymouthaestheticsclinic.com/,Skin care clinic,pending
djaesthetics@yahoo.com,"D&J Aesthetics",Weymouth,Aesthetics,+44 7989 310030,https://dandjaesthetics.co.uk/,Medical clinic,pending
md@beautyfirst.biz,"Beauty First Laser Skin Clinic",Wolverhampton,Beauty,+44 1902 650278,http://www.beautyfirst.biz/,Skin care clinic,pending
jude@guysterne.co.uk,"Guy Sterne",Wolverhampton,Guy,+44 7908 008895,http://consultantplasticsurgeon.co.uk/,Plastic surgeon,pending
worcester@rodericksdental.co.uk,"Gentle Dental Care of Worcester",Worcester,Gentle,+44 1905 354258,https://rodericksdentalpartners.co.uk/our-practices/worcester-dental?keywordutm_medium=organic&utm_campaign=gbp&utm_source_google=&utm_content=Gentle,Dental clinic,pending